{
  "scaler_mean": [
    0.0036741214057507987,
    0.02476038338658147,
    0.016293929712460065,
    0.005111821086261981,
    0.03706070287539936,
    1.2715654952076678,
    0.363258785942492,
    0.352555910543131,
    0.1036741214057508,
    2.9635782747603834,
    0.9386581469648563,
    0.8851437699680511,
    0.36501597444089456,
    4.800958466453674,
    2.2512779552715654,
    1.51629392971246,
    3.574600638977636,
    41.14680511182109,
    22.988019169329075,
    16.022044728434505,
    19.29888178913738,
    259.13418530351436,
    277.02332268370606,
    21.664696485623004,
    62.789456869009584,
    606.1833865814697,
    603.1816293929712,
    51.46916932907348,
    246.5188498402556,
    1146.9410543130991,
    1779.5258785942492,
    82.12140575079871,
    3.303115015974441,
    22.228977635782748,
    11.985423322683706,
    15.765375399361023,
    14.329432019879306,
    62.43785516490379,
    119.4797469075564,
    11.127255331118798,
    36.412020777146175,
    106.5101103481591,
    167.0150869652293,
    15.952039197130771,
    106.31901346669379,
    115.11547153809245,
    253.2638706963271,
    19.515662613615337
  ],
  "scaler_scale": [
    0.06796387784198843,
    0.3308335248703308,
    0.20934174147440113,
    0.09938824195957305,
    0.2778862240264158,
    4.2200332103940355,
    1.1969042550052382,
    1.0927373595562009,
    0.6183709784312982,
    8.997742846588245,
    2.716311065261911,
    2.6092247992100304,
    1.3298573332885626,
    15.73320898278665,
    6.228679158034332,
    4.344092570221455,
    133.4053505888541,
    831.0070281558546,
    644.5465258442291,
    622.5834051106259,
    187.92538956585415,
    1217.676704398667,
    2354.050250026058,
    81.95357448138118,
    552.0107945800805,
    3146.4570946507424,
    3379.3971300186336,
    209.92473055823834,
    1228.8391617406369,
    6300.181915970437,
    8565.03704266955,
    356.0328528231596,
    130.8907222243734,
    496.30406510764556,
    305.45496572144754,
    622.2228032515369,
    132.88339436666772,
    438.1081466516011,
    1108.7117335688652,
    38.50964791706304,
    217.09689568335952,
    1592.9622495001797,
    1422.7659007022583,
    94.39695911572704,
    375.0309020544466,
    883.7114685370397,
    1089.7032698818307,
    52.34672026188468
  ],
  "coef": [
    0.0,
    0.00823359064081809,
    0.018142597352529453,
    0.013177147872069405,
    0.0,
    0.03278349663772681,
    0.08078162555741275,
    0.027293815974009043,
    0.0,
    0.048035342753756226,
    0.07147909814746795,
    0.036989254715486905,
    0.04605036921317512,
    0.07159016288652897,
    0.11730061326922864,
    0.04747246992141314,
    0.0,
    0.0,
    0.0,
    0.0,
    0.0,
    0.005668413526165055,
    0.0035997552161002888,
    0.0023509117387212597,
    0.0,
    0.00869073595825444,
    0.043026208934881134,
    0.00647819527537902,
    0.0,
    0.021136354027036803,
    0.05439854185017789,
    0.0,
    0.0,
    0.0,
    0.006856327515866074,
    0.0,
    0.0,
    0.007572574711734415,
    0.015510553379990931,
    0.03472788070885805,
    0.027351108947929557,
    0.0,
    0.02995802313505189,
    0.021182459500248527,
    0.07256506037896239,
    0.01572763356394009,
    0.10295311839429161,
    0.07992384770614874
  ],
  "intercept": 1.113258785942492,
  "threshold": 0.5,
  "feature_names": [
    "count|OD region|COTTON_WOOL_SPOT",
    "count|OD region|EXUDATES",
    "count|OD region|HEMORRHAGES",
    "count|OD region|MICROANEURYSMS",
    "count|macula region|COTTON_WOOL_SPOT",
    "count|macula region|EXUDATES",
    "count|macula region|HEMORRHAGES",
    "count|macula region|MICROANEURYSMS",
    "count|1OD-2OD from macula|COTTON_WOOL_SPOT",
    "count|1OD-2OD from macula|EXUDATES",
    "count|1OD-2OD from macula|HEMORRHAGES",
    "count|1OD-2OD from macula|MICROANEURYSMS",
    "count|elsewhere|COTTON_WOOL_SPOT",
    "count|elsewhere|EXUDATES",
    "count|elsewhere|HEMORRHAGES",
    "count|elsewhere|MICROANEURYSMS",
    "total_area|OD region|COTTON_WOOL_SPOT",
    "total_area|OD region|EXUDATES",
    "total_area|OD region|HEMORRHAGES",
    "total_area|OD region|MICROANEURYSMS",
    "total_area|macula region|COTTON_WOOL_SPOT",
    "total_area|macula region|EXUDATES",
    "total_area|macula region|HEMORRHAGES",
    "total_area|macula region|MICROANEURYSMS",
    "total_area|1OD-2OD from macula|COTTON_WOOL_SPOT",
    "total_area|1OD-2OD from macula|EXUDATES",
    "total_area|1OD-2OD from macula|HEMORRHAGES",
    "total_area|1OD-2OD from macula|MICROANEURYSMS",
    "total_area|elsewhere|COTTON_WOOL_SPOT",
    "total_area|elsewhere|EXUDATES",
    "total_area|elsewhere|HEMORRHAGES",
    "total_area|elsewhere|MICROANEURYSMS",
    "mean_area|OD region|COTTON_WOOL_SPOT",
    "mean_area|OD region|EXUDATES",
    "mean_area|OD region|HEMORRHAGES",
    "mean_area|OD region|MICROANEURYSMS",
    "mean_area|macula region|COTTON_WOOL_SPOT",
    "mean_area|macula region|EXUDATES",
    "mean_area|macula region|HEMORRHAGES",
    "mean_area|macula region|MICROANEURYSMS",
    "mean_area|1OD-2OD from macula|COTTON_WOOL_SPOT",
    "mean_area|1OD-2OD from macula|EXUDATES",
    "mean_area|1OD-2OD from macula|HEMORRHAGES",
    "mean_area|1OD-2OD from macula|MICROANEURYSMS",
    "mean_area|elsewhere|COTTON_WOOL_SPOT",
    "mean_area|elsewhere|EXUDATES",
    "mean_area|elsewhere|HEMORRHAGES",
    "mean_area|elsewhere|MICROANEURYSMS"
  ]
}